url,label
https://www.google.com,0
https://www.wikipedia.org,0
https://github.com,0
https://www.microsoft.com,0
https://www.apple.com,0
https://www.python.org,0
https://www.amazon.com,0
https://www.cloudflare.com,0
https://www.linkedin.com,0
https://www.mozilla.org,0
https://stackoverflow.com/questions,0
https://docs.python.org/3/,0
https://www.nasa.gov,0
https://www.ibm.com,0
https://www.cisco.com,0
https://www.paypal.com,0
https://accounts.google.com,0
https://login.microsoftonline.com,0
https://www.netflix.com/login,0
https://www.reddit.com,0
http://192.168.0.15/login,1
http://google-security-verification.example.com/login,1
http://paypal-account-verify.example.net/secure/login,1
http://login-confirm-password.example.org/update,1
http://free-bonus-wallet.example.com/claim,1
http://xn--80ak6aa92e.com/login,1
http://secure-account-verification.example.net/signin,1
http://bank-login-update.example.org/verify?user=1,1
http://account-security-check.example.com/login?session=12345,1
http://verify-paypal.example.net/confirm,1
http://login.example.com@evil.example.net/password,1
http://user:password@example.com@evil.net/login,1
http://192.0.2.10:8080/secure/account/login,1
http://signin-account.example.org/verify/password,1
http://urgent-security-alert.example.com/update,1
http://wallet-bonus-free.example.net/claim?account=123,1
http://authenticate-user.example.org/login?verify=true,1
http://secure-login-account.example.com/signin,1
http://password-confirm.example.net/account/update,1
http://banking-security-verification.example.org/login,1
http://account-verify.example.com/secure/password/reset,1
